{
  "name": "??????????",
  "modelLng": 121.88985586166383,
  "modelLat": 29.93291533901135,
  "centerLng": 121.88985586166383,
  "centerLat": 29.93291533901135,
  "west": 121.7940186,
  "south": 29.8740115,
  "east": 121.89285586166383,
  "north": 29.93516533901135,
  "waterHeight": 0,
  "polygonCount": 5
}